Workbook
Name ____LPS2: {#N/A,#N/A,FALSE,"단축1";#N/A,#N/A,FALSE,"단축2";#N/A,#N/A,FALSE,"단축3";#N/A,#N/A,FALSE,"장축";#N/A,#N/A,FALSE,"4WD"}
Name ____XG2: {#N/A,#N/A,FALSE,"단축1";#N/A,#N/A,FALSE,"단축2";#N/A,#N/A,FALSE,"단축3";#N/A,#N/A,FALSE,"장축";#N/A,#N/A,FALSE,"4WD"}
Name ___LPS2: {#N/A,#N/A,FALSE,"단축1";#N/A,#N/A,FALSE,"단축2";#N/A,#N/A,FALSE,"단축3";#N/A,#N/A,FALSE,"장축";#N/A,#N/A,FALSE,"4WD"}
Name ___XG2: {#N/A,#N/A,FALSE,"단축1";#N/A,#N/A,FALSE,"단축2";#N/A,#N/A,FALSE,"단축3";#N/A,#N/A,FALSE,"장축";#N/A,#N/A,FALSE,"4WD"}
Name __123Graph_A: [1]목표세부명세!#REF!
Name __123Graph_B: [1]목표세부명세!#REF!
Name __123Graph_C64HZ1040: #REF!
Name __123Graph_C温特図: #REF!
Name __123Graph_D64HZ1040: #REF!
Name __123Graph_F温特図: #REF!
Name __FDS_HYPERLINK_TOGGLE_STATE__: "ON"
Name __LPS2: {#N/A,#N/A,FALSE,"단축1";#N/A,#N/A,FALSE,"단축2";#N/A,#N/A,FALSE,"단축3";#N/A,#N/A,FALSE,"장축";#N/A,#N/A,FALSE,"4WD"}
Name __SDW1: '[2]#REF'!#REF!
Name __XG2: {#N/A,#N/A,FALSE,"단축1";#N/A,#N/A,FALSE,"단축2";#N/A,#N/A,FALSE,"단축3";#N/A,#N/A,FALSE,"장축";#N/A,#N/A,FALSE,"4WD"}
Name _1____S: #REF!
Name _1__0_S: #REF!
Name _10__123Graph_CI2T_T1A: #REF!
Name _12__123Graph_CI_T1A: #REF!
Name _14__123Graph_DI2T_T1A: #REF!
Name _15E1_: {#N/A,#N/A,TRUE,"매출진척-1";#N/A,#N/A,TRUE,"매출진척-2";#N/A,#N/A,TRUE,"제품실적";#N/A,#N/A,TRUE,"RAC";#N/A,#N/A,TRUE,"PAC ";#N/A,#N/A,TRUE,"재고현황";#N/A,#N/A,TRUE,"공지사항"}
Name _16__123Graph_DI_T1A: #REF!
Name _171__0_S: #REF!
Name _172__0_S: #REF!
Name _173__0_S: #REF!
Name _18__123Graph_EI2T_T1A: #REF!
Name _194_: #REF!
Name _195____S: #REF!
Name _2__123Graph_AI2T_T1A: #REF!
Name _2__0_S: #REF!
Name _20__123Graph_EI_T1A: #REF!
Name _200__0_S: #REF!
Name _201__0_S: #REF!
Name _202__0_S: #REF!
Name _203__0_S: #REF!
Name _208__0_S: #REF!
Name _209__0_S: #REF!
Name _210__0_S: #REF!
Name _22__123Graph_FI2T_T1A: #REF!
Name _23__0_S: #REF!
Name _24__123Graph_FI_T1A: #REF!
Name _24__0_S: #REF!
Name _26__123Graph_XI2T_T1A: #REF!
Name _28__123Graph_XI_T1A: #REF!
Name _2E1_: {#N/A,#N/A,TRUE,"매출진척-1";#N/A,#N/A,TRUE,"매출진척-2";#N/A,#N/A,TRUE,"제품실적";#N/A,#N/A,TRUE,"RAC";#N/A,#N/A,TRUE,"PAC ";#N/A,#N/A,TRUE,"재고현황";#N/A,#N/A,TRUE,"공지사항"}
Name _2E1_1: {#N/A,#N/A,TRUE,"매출진척-1";#N/A,#N/A,TRUE,"매출진척-2";#N/A,#N/A,TRUE,"제품실적";#N/A,#N/A,TRUE,"RAC";#N/A,#N/A,TRUE,"PAC ";#N/A,#N/A,TRUE,"재고현황";#N/A,#N/A,TRUE,"공지사항"}
Name _3__0_S: #REF!
Name _30FF2_: {#N/A,#N/A,TRUE,"매출진척-1";#N/A,#N/A,TRUE,"매출진척-2";#N/A,#N/A,TRUE,"제품실적";#N/A,#N/A,TRUE,"RAC";#N/A,#N/A,TRUE,"PAC ";#N/A,#N/A,TRUE,"재고현황";#N/A,#N/A,TRUE,"공지사항"}
Name _310__0_S: #REF!
Name _311__0_S: #REF!
Name _37__0_S: #REF!
Name _4__123Graph_AI_T1A: #REF!
Name _4__0_S: #REF!
Name _45s1_: {#N/A,#N/A,TRUE,"매출진척-1";#N/A,#N/A,TRUE,"매출진척-2";#N/A,#N/A,TRUE,"제품실적";#N/A,#N/A,TRUE,"RAC";#N/A,#N/A,TRUE,"PAC ";#N/A,#N/A,TRUE,"재고현황";#N/A,#N/A,TRUE,"공지사항"}
Name _4FF2_: {#N/A,#N/A,TRUE,"매출진척-1";#N/A,#N/A,TRUE,"매출진척-2";#N/A,#N/A,TRUE,"제품실적";#N/A,#N/A,TRUE,"RAC";#N/A,#N/A,TRUE,"PAC ";#N/A,#N/A,TRUE,"재고현황";#N/A,#N/A,TRUE,"공지사항"}
Name _5____S: #REF!
Name _6__123Graph_BI2T_T1A: #REF!
Name _69__0_S: #REF!
Name _6s1_: {#N/A,#N/A,TRUE,"매출진척-1";#N/A,#N/A,TRUE,"매출진척-2";#N/A,#N/A,TRUE,"제품실적";#N/A,#N/A,TRUE,"RAC";#N/A,#N/A,TRUE,"PAC ";#N/A,#N/A,TRUE,"재고현황";#N/A,#N/A,TRUE,"공지사항"}
Name _70__0_S: #REF!
Name _75__0_S: #REF!

Sheet Raw(1)
A1: Year | B1: Week | C1: Factory | D1: Type | E1: Category | F1: Q'ty | I1: DJ 입력일 | J1: 메일 수신일 (or 파일 작성일)
A2: 2026 | B2: 1 | C2: VN #1 | D2: Machine | E2: Growing Line | F2: 15 | H2: =_xlfn.FORMULATEXT(표1[[#This Row],[Q''ty]]) -> #N/A
A3: 2026 | B3: 1 | C3: VN #1 | D3: Machine | E3: Paint Booth | F3: 10 | H3: =_xlfn.FORMULATEXT(표1[[#This Row],[Q''ty]]) -> #N/A
A4: 2026 | B4: 1 | C4: VN #1 | D4: Machine | E4: Paint Line | F4: 5 | H4: =_xlfn.FORMULATEXT(표1[[#This Row],[Q''ty]]) -> #N/A
A5: 2026 | B5: 1 | C5: VN #1 | D5: Machine | E5: Roll Bending Machine | F5: 6 | H5: =_xlfn.FORMULATEXT(표1[[#This Row],[Q''ty]]) -> #N/A
A6: 2026 | B6: 1 | C6: VN #1 | D6: Machine | E6: L/W Machine | F6: 10 | H6: =_xlfn.FORMULATEXT(표1[[#This Row],[Q''ty]]) -> #N/A
A7: 2026 | B7: 1 | C7: VN #1 | D7: Machine | E7: C/W Machine | F7: 10 | H7: =_xlfn.FORMULATEXT(표1[[#This Row],[Q''ty]]) -> #N/A
A8: 2026 | B8: 1 | C8: VN #1 | D8: Performance | E8: BT GT | F8: 23 | H8: =_xlfn.FORMULATEXT(표1[[#This Row],[Q''ty]]) -> #N/A
A9: 2026 | B9: 1 | C9: VN #1 | D9: Performance | E9: WT GT | F9: 19 | H9: =_xlfn.FORMULATEXT(표1[[#This Row],[Q''ty]]) -> #N/A
A10: 2026 | B10: 1 | C10: VN #1 | D10: Performance | E10: Bending | F10: 217 | H10: =_xlfn.FORMULATEXT(표1[[#This Row],[Q''ty]]) -> #N/A
A11: 2026 | B11: 1 | C11: VN #1 | D11: Performance | E11: L/W | F11: 217.2 | H11: =_xlfn.FORMULATEXT(표1[[#This Row],[Q''ty]]) -> #N/A
A12: 2026 | B12: 1 | C12: VN #1 | D12: Performance | E12: C/W | F12: 244.1 | H12: =_xlfn.FORMULATEXT(표1[[#This Row],[Q''ty]]) -> #N/A
A13: 2026 | B13: 1 | C13: VN #2 | D13: Machine | E13: Growing Line | F13: 14 | H13: =_xlfn.FORMULATEXT(표1[[#This Row],[Q''ty]]) -> #N/A
... A100: 2026 | B100: 1 | C100: PT Off | D100: Performance | E100: C/W | F100: 0 | H100: =_xlfn.FORMULATEXT(표1[[#This Row],[Q''ty]]) -> #N/A
A101: 2026 | B101: =B2+1 -> 2 | C101: VN #1 | D101: Machine | E101: Growing Line | F101: =F2 -> 15 | H101: =_xlfn.FORMULATEXT(표1[[#This Row],[Q''ty]]) -> =F2
A102: 2026 | B102: =B3+1 -> 2 | C102: VN #1 | D102: Machine | E102: Paint Booth | F102: =F3 -> 10 | H102: =_xlfn.FORMULATEXT(표1[[#This Row],[Q''ty]]) -> =F3
A103: 2026 | B103: =B4+1 -> 2 | C103: VN #1 | D103: Machine | E103: Paint Line | F103: =F4 -> 5 | H103: =_xlfn.FORMULATEXT(표1[[#This Row],[Q''ty]]) -> =F4
A104: 2026 | B104: =B5+1 -> 2 | C104: VN #1 | D104: Machine | E104: Roll Bending Machine | F104: =F5 -> 6 | H104: =_xlfn.FORMULATEXT(표1[[#This Row],[Q''ty]]) -> =F5
A105: 2026 | B105: =B6+1 -> 2 | C105: VN #1 | D105: Machine | E105: L/W Machine | F105: =F6 -> 10 | H105: =_xlfn.FORMULATEXT(표1[[#This Row],[Q''ty]]) -> =F6
A106: 2026 | B106: =B7+1 -> 2 | C106: VN #1 | D106: Machine | E106: C/W Machine | F106: =F7 -> 10 | H106: =_xlfn.FORMULATEXT(표1[[#This Row],[Q''ty]]) -> =F7
A107: 2026 | B107: =B8+1 -> 2 | C107: VN #1 | D107: Performance | E107: BT GT | F107: 24 | H107: =_xlfn.FORMULATEXT(표1[[#This Row],[Q''ty]]) -> #N/A
A108: 2026 | B108: =B9+1 -> 2 | C108: VN #1 | D108: Performance | E108: WT GT | F108: 25 | H108: =_xlfn.FORMULATEXT(표1[[#This Row],[Q''ty]]) -> #N/A
A109: 2026 | B109: =B10+1 -> 2 | C109: VN #1 | D109: Performance | E109: Bending | F109: 240.4 | H109: =_xlfn.FORMULATEXT(표1[[#This Row],[Q''ty]]) -> #N/A
A110: 2026 | B110: =B11+1 -> 2 | C110: VN #1 | D110: Performance | E110: L/W | F110: 237.8 | H110: =_xlfn.FORMULATEXT(표1[[#This Row],[Q''ty]]) -> #N/A
A111: 2026 | B111: =B12+1 -> 2 | C111: VN #1 | D111: Performance | E111: C/W | F111: 264.7 | H111: =_xlfn.FORMULATEXT(표1[[#This Row],[Q''ty]]) -> #N/A
A112: 2026 | B112: =B13+1 -> 2 | C112: VN #2 | D112: Machine | E112: Growing Line | F112: =F13 -> 14 | H112: =_xlfn.FORMULATEXT(표1[[#This Row],[Q''ty]]) -> =F13
A113: 2026 | B113: =B14+1 -> 2 | C113: VN #2 | D113: Machine | E113: Paint Booth | F113: =F14 -> 8 | H113: =_xlfn.FORMULATEXT(표1[[#This Row],[Q''ty]]) -> =F14
A114: 2026 | B114: =B15+1 -> 2 | C114: VN #2 | D114: Machine | E114: Paint Line | F114: =F15 -> 4 | H114: =_xlfn.FORMULATEXT(표1[[#This Row],[Q''ty]]) -> =F15
A115: 2026 | B115: =B16+1 -> 2 | C115: VN #2 | D115: Machine | E115: Roll Bending Machine | F115: =F16 -> 3 | H115: =_xlfn.FORMULATEXT(표1[[#This Row],[Q''ty]]) -> =F16
A116: 2026 | B116: =B17+1 -> 2 | C116: VN #2 | D116: Machine | E116: L/W Machine | F116: =F17 -> 6 | H116: =_xlfn.FORMULATEXT(표1[[#This Row],[Q''ty]]) -> =F17
A117: 2026 | B117: =B18+1 -> 2 | C117: VN #2 | D117: Machine | E117: C/W Machine | F117: =F18 -> 8.8 | H117: =_xlfn.FORMULATEXT(표1[[#This Row],[Q''ty]]) -> =F18
A118: 2026 | B118: =B19+1 -> 2 | C118: VN #2 | D118: Performance | E118: BT GT | F118: 22 | H118: =_xlfn.FORMULATEXT(표1[[#This Row],[Q''ty]]) -> #N/A
A119: 2026 | B119: =B20+1 -> 2 | C119: VN #2 | D119: Performance | E119: WT GT | F119: 25 | H119: =_xlfn.FORMULATEXT(표1[[#This Row],[Q''ty]]) -> #N/A
A120: 2026 | B120: =B21+1 -> 2 | C120: VN #2 | D120: Performance | E120: Bending | F120: 179 | H120: =_xlfn.FORMULATEXT(표1[[#This Row],[Q''ty]]) -> #N/A
A121: 2026 | B121: =B22+1 -> 2 | C121: VN #2 | D121: Performance | E121: L/W | F121: 180 | H121: =_xlfn.FORMULATEXT(표1[[#This Row],[Q''ty]]) -> #N/A
A122: 2026 | B122: =B23+1 -> 2 | C122: VN #2 | D122: Performance | E122: C/W | F122: 207.7 | H122: =_xlfn.FORMULATEXT(표1[[#This Row],[Q''ty]]) -> #N/A
A123: 2026 | B123: =B24+1 -> 2 | C123: TW | D123: Machine | E123: =E24 -> Growing Line | F123: =F24 -> 5 | H123: =_xlfn.FORMULATEXT(표1[[#This Row],[Q''ty]]) -> =F24
A124: 2026 | B124: =B25+1 -> 2 | C124: TW | D124: Machine | E124: =E25 -> Paint Booth | F124: =F25 -> 3 | H124: =_xlfn.FORMULATEXT(표1[[#This Row],[Q''ty]]) -> =F25
A125: 2026 | B125: =B26+1 -> 2 | C125: TW | D125: Machine | E125: =E26 -> Paint Line | F125: =F26 -> 2 | H125: =_xlfn.FORMULATEXT(표1[[#This Row],[Q''ty]]) -> =F26
A126: 2026 | B126: =B27+1 -> 2 | C126: TW | D126: Machine | E126: =E27 -> Roll Bending Machine | F126: =F27 -> 2 | H126: =_xlfn.FORMULATEXT(표1[[#This Row],[Q''ty]]) -> =F27
A127: 2026 | B127: =B28+1 -> 2 | C127: TW | D127: Machine | E127: =E28 -> L/W Machine | F127: =F28 -> 2 | H127: =_xlfn.FORMULATEXT(표1[[#This Row],[Q''ty]]) -> =F28
A128: 2026 | B128: =B29+1 -> 2 | C128: TW | D128: Machine | E128: =E29 -> C/W Machine | F128: =F29 -> 3 | H128: =_xlfn.FORMULATEXT(표1[[#This Row],[Q''ty]]) -> =F29
A129: 2026 | B129: =B30+1 -> 2 | C129: TW | D129: Performance | E129: =E30 -> BT GT | F129: 0 | H129: =_xlfn.FORMULATEXT(표1[[#This Row],[Q''ty]]) -> #N/A
A130: 2026 | B130: =B31+1 -> 2 | C130: TW | D130: Performance | E130: =E31 -> WT GT | F130: 0 | H130: =_xlfn.FORMULATEXT(표1[[#This Row],[Q''ty]]) -> #N/A
A131: 2026 | B131: =B32+1 -> 2 | C131: TW | D131: Performance | E131: =E32 -> Bending | F131: 0 | H131: =_xlfn.FORMULATEXT(표1[[#This Row],[Q''ty]]) -> #N/A
A132: 2026 | B132: =B33+1 -> 2 | C132: TW | D132: Performance | E132: =E33 -> L/W | F132: 0 | H132: =_xlfn.FORMULATEXT(표1[[#This Row],[Q''ty]]) -> #N/A
A133: 2026 | B133: =B34+1 -> 2 | C133: TW | D133: Performance | E133: =E34 -> C/W | F133: 0 | H133: =_xlfn.FORMULATEXT(표1[[#This Row],[Q''ty]]) -> #N/A
A134: 2026 | B134: =B35+1 -> 2 | C134: CN | D134: Machine | E134: =E35 -> Growing Line | F134: =F35 -> 20 | H134: =_xlfn.FORMULATEXT(표1[[#This Row],[Q''ty]]) -> =F35
A135: 2026 | B135: =B36+1 -> 2 | C135: CN | D135: Machine | E135: =E36 -> Paint Booth | F135: =F36 -> 22 | H135: =_xlfn.FORMULATEXT(표1[[#This Row],[Q''ty]]) -> =F36
A136: 2026 | B136: =B37+1 -> 2 | C136: CN | D136: Machine | E136: =E37 -> Paint Line | F136: =F37 -> 6 | H136: =_xlfn.FORMULATEXT(표1[[#This Row],[Q''ty]]) -> =F37
A137: 2026 | B137: =B38+1 -> 2 | C137: CN | D137: Machine | E137: =E38 -> Roll Bending Machine | F137: =F38 -> 4 | H137: =_xlfn.FORMULATEXT(표1[[#This Row],[Q''ty]]) -> =F38
A138: 2026 | B138: =B39+1 -> 2 | C138: CN | D138: Machine | E138: =E39 -> L/W Machine | F138: =F39 -> 10 | H138: =_xlfn.FORMULATEXT(표1[[#This Row],[Q''ty]]) -> =F39
A139: 2026 | B139: =B40+1 -> 2 | C139: CN | D139: Machine | E139: =E40 -> C/W Machine | F139: =F40 -> 12 | H139: =_xlfn.FORMULATEXT(표1[[#This Row],[Q''ty]]) -> =F40
A140: 2026 | B140: =B41+1 -> 2 | C140: CN | D140: Performance | E140: =E41 -> BT GT | F140: 31 | H140: =_xlfn.FORMULATEXT(표1[[#This Row],[Q''ty]]) -> #N/A
A141: 2026 | B141: =B42+1 -> 2 | C141: CN | D141: Performance | E141: =E42 -> WT GT | F141: 30 | H141: =_xlfn.FORMULATEXT(표1[[#This Row],[Q''ty]]) -> #N/A
A142: 2026 | B142: =B43+1 -> 2 | C142: CN | D142: Performance | E142: =E43 -> Bending | F142: 292 | H142: =_xlfn.FORMULATEXT(표1[[#This Row],[Q''ty]]) -> #N/A
A143: 2026 | B143: =B44+1 -> 2 | C143: CN | D143: Performance | E143: =E44 -> L/W | F143: 292 | H143: =_xlfn.FORMULATEXT(표1[[#This Row],[Q''ty]]) -> #N/A
A144: 2026 | B144: =B45+1 -> 2 | C144: CN | D144: Performance | E144: =E45 -> C/W | F144: 313 | H144: =_xlfn.FORMULATEXT(표1[[#This Row],[Q''ty]]) -> #N/A
A145: 2026 | B145: =B46+1 -> 2 | C145: TR #1 | D145: Machine | E145: Growing Line | F145: =F46 -> 3 | H145: =_xlfn.FORMULATEXT(표1[[#This Row],[Q''ty]]) -> =F46
A146: 2026 | B146: =B47+1 -> 2 | C146: TR #1 | D146: Machine | E146: Paint Booth | F146: =F47 -> 3 | H146: =_xlfn.FORMULATEXT(표1[[#This Row],[Q''ty]]) -> =F47
A147: 2026 | B147: =B48+1 -> 2 | C147: TR #1 | D147: Machine | E147: Paint Line | F147: =F48 -> 2 | H147: =_xlfn.FORMULATEXT(표1[[#This Row],[Q''ty]]) -> =F48
A148: 2026 | B148: =B49+1 -> 2 | C148: TR #1 | D148: Machine | E148: Roll Bending Machine | F148: =F49 -> 2 | H148: =_xlfn.FORMULATEXT(표1[[#This Row],[Q''ty]]) -> =F49
A149: 2026 | B149: =B50+1 -> 2 | C149: TR #1 | D149: Machine | E149: L/W Machine | F149: =F50 -> 3 | H149: =_xlfn.FORMULATEXT(표1[[#This Row],[Q''ty]]) -> =F50
A150: 2026 | B150: =B51+1 -> 2 | C150: TR #1 | D150: Machine | E150: C/W Machine | F150: =F51 -> 4 | H150: =_xlfn.FORMULATEXT(표1[[#This Row],[Q''ty]]) -> =F51
A151: 2026 | B151: =B52+1 -> 2 | C151: TR #1 | D151: Performance | E151: BT GT | F151: 0 | H151: =_xlfn.FORMULATEXT(표1[[#This Row],[Q''ty]]) -> #N/A
A152: 2026 | B152: =B53+1 -> 2 | C152: TR #1 | D152: Performance | E152: WT GT | F152: 0 | H152: =_xlfn.FORMULATEXT(표1[[#This Row],[Q''ty]]) -> #N/A
A153: 2026 | B153: =B54+1 -> 2 | C153: TR #1 | D153: Performance | E153: Bending | F153: 0 | H153: =_xlfn.FORMULATEXT(표1[[#This Row],[Q''ty]]) -> #N/A
A154: 2026 | B154: =B55+1 -> 2 | C154: TR #1 | D154: Performance | E154: L/W | F154: 0 | H154: =_xlfn.FORMULATEXT(표1[[#This Row],[Q''ty]]) -> #N/A
A155: 2026 | B155: =B56+1 -> 2 | C155: TR #1 | D155: Performance | E155: C/W | F155: 0 | H155: =_xlfn.FORMULATEXT(표1[[#This Row],[Q''ty]]) -> #N/A
A156: 2026 | B156: =B57+1 -> 2 | C156: TR #2 | D156: Machine | E156: Growing Line | F156: =F57 -> 6 | H156: =_xlfn.FORMULATEXT(표1[[#This Row],[Q''ty]]) -> =F57
A157: 2026 | B157: =B58+1 -> 2 | C157: TR #2 | D157: Machine | E157: Paint Booth | F157: =F58 -> 4 | H157: =_xlfn.FORMULATEXT(표1[[#This Row],[Q''ty]]) -> =F58
A158: 2026 | B158: =B59+1 -> 2 | C158: TR #2 | D158: Machine | E158: Paint Line | F158: =F59 -> 2 | H158: =_xlfn.FORMULATEXT(표1[[#This Row],[Q''ty]]) -> =F59
A159: 2026 | B159: =B60+1 -> 2 | C159: TR #2 | D159: Machine | E159: Roll Bending Machine | F159: =F60 -> 3 | H159: =_xlfn.FORMULATEXT(표1[[#This Row],[Q''ty]]) -> =F60
A160: 2026 | B160: =B61+1 -> 2 | C160: TR #2 | D160: Machine | E160: L/W Machine | F160: =F61 -> 4 | H160: =_xlfn.FORMULATEXT(표1[[#This Row],[Q''ty]]) -> =F61
A161: 2026 | B161: =B62+1 -> 2 | C161: TR #2 | D161: Machine | E161: C/W Machine | F161: =F62 -> 6 | H161: =_xlfn.FORMULATEXT(표1[[#This Row],[Q''ty]]) -> =F62
A162: 2026 | B162: =B63+1 -> 2 | C162: TR #2 | D162: Performance | E162: =E63 -> BT GT | F162: 19 | H162: =_xlfn.FORMULATEXT(표1[[#This Row],[Q''ty]]) -> #N/A
A163: 2026 | B163: =B64+1 -> 2 | C163: TR #2 | D163: Performance | E163: =E64 -> WT GT | F163: 32 | H163: =_xlfn.FORMULATEXT(표1[[#This Row],[Q''ty]]) -> #N/A
A164: 2026 | B164: =B65+1 -> 2 | C164: TR #2 | D164: Performance | E164: =E65 -> Bending | F164: 136 | H164: =_xlfn.FORMULATEXT(표1[[#This Row],[Q''ty]]) -> #N/A
A165: 2026 | B165: =B66+1 -> 2 | C165: TR #2 | D165: Performance | E165: =E66 -> L/W | F165: 130 | H165: =_xlfn.FORMULATEXT(표1[[#This Row],[Q''ty]]) -> #N/A
A166: 2026 | B166: =B67+1 -> 2 | C166: TR #2 | D166: Performance | E166: =E67 -> C/W | F166: 173 | H166: =_xlfn.FORMULATEXT(표1[[#This Row],[Q''ty]]) -> #N/A
A167: 2026 | B167: =B68+1 -> 2 | C167: AM | D167: Machine | E167: =E68 -> Growing Line | F167: =F68 -> 30 | H167: =_xlfn.FORMULATEXT(표1[[#This Row],[Q''ty]]) -> =F68
A168: 2026 | B168: =B69+1 -> 2 | C168: AM | D168: Machine | E168: =E69 -> Paint Booth | F168: =F69 -> 16 | H168: =_xlfn.FORMULATEXT(표1[[#This Row],[Q''ty]]) -> =F69
A169: 2026 | B169: =B70+1 -> 2 | C169: AM | D169: Machine | E169: =E70 -> Paint Line | F169: =F70 -> 8 | H169: =_xlfn.FORMULATEXT(표1[[#This Row],[Q''ty]]) -> =F70
A170: 2026 | B170: =B71+1 -> 2 | C170: AM | D170: Machine | E170: =E71 -> Roll Bending Machine | F170: =F71 -> 6 | H170: =_xlfn.FORMULATEXT(표1[[#This Row],[Q''ty]]) -> =F71
A171: 2026 | B171: =B72+1 -> 2 | C171: AM | D171: Machine | E171: =E72 -> L/W Machine | F171: =F72 -> 11 | H171: =_xlfn.FORMULATEXT(표1[[#This Row],[Q''ty]]) -> =F72
A172: 2026 | B172: =B73+1 -> 2 | C172: AM | D172: Machine | E172: =E73 -> C/W Machine | F172: =F73 -> 15 | H172: =_xlfn.FORMULATEXT(표1[[#This Row],[Q''ty]]) -> =F73
A173: 2026 | B173: =B74+1 -> 2 | C173: AM | D173: Performance | E173: =E74 -> BT GT | F173: 59 | H173: =_xlfn.FORMULATEXT(표1[[#This Row],[Q''ty]]) -> #N/A
A174: 2026 | B174: =B75+1 -> 2 | C174: AM | D174: Performance | E174: =E75 -> WT GT | F174: 50 | H174: =_xlfn.FORMULATEXT(표1[[#This Row],[Q''ty]]) -> #N/A
A175: 2026 | B175: =B76+1 -> 2 | C175: AM | D175: Performance | E175: =E76 -> Bending | F175: 423 | H175: =_xlfn.FORMULATEXT(표1[[#This Row],[Q''ty]]) -> #N/A
A176: 2026 | B176: =B77+1 -> 2 | C176: AM | D176: Performance | E176: =E77 -> L/W | F176: 454 | H176: =_xlfn.FORMULATEXT(표1[[#This Row],[Q''ty]]) -> #N/A
A177: 2026 | B177: =B78+1 -> 2 | C177: AM | D177: Performance | E177: =E78 -> C/W | F177: 381 | H177: =_xlfn.FORMULATEXT(표1[[#This Row],[Q''ty]]) -> #N/A
A178: 2026 | B178: =B79+1 -> 2 | C178: PT On | D178: Machine | E178: =E79 -> Growing Line | F178: =F79 -> 6 | H178: =_xlfn.FORMULATEXT(표1[[#This Row],[Q''ty]]) -> =F79
A179: 2026 | B179: =B80+1 -> 2 | C179: PT On | D179: Machine | E179: =E80 -> Paint Booth | F179: =F80 -> 4 | H179: =_xlfn.FORMULATEXT(표1[[#This Row],[Q''ty]]) -> =F80
A180: 2026 | B180: =B81+1 -> 2 | C180: PT On | D180: Machine | E180: =E81 -> Paint Line | F180: =F81 -> 4 | H180: =_xlfn.FORMULATEXT(표1[[#This Row],[Q''ty]]) -> =F81
A181: 2026 | B181: =B82+1 -> 2 | C181: PT On | D181: Machine | E181: =E82 -> Roll Bending Machine | F181: =F82 -> 3 | H181: =_xlfn.FORMULATEXT(표1[[#This Row],[Q''ty]]) -> =F82
A182: 2026 | B182: =B83+1 -> 2 | C182: PT On | D182: Machine | E182: =E83 -> L/W Machine | F182: =F83 -> 4 | H182: =_xlfn.FORMULATEXT(표1[[#This Row],[Q''ty]]) -> =F83
A183: 2026 | B183: =B84+1 -> 2 | C183: PT On | D183: Machine | E183: =E84 -> C/W Machine | F183: =F84 -> 6.5 | H183: =_xlfn.FORMULATEXT(표1[[#This Row],[Q''ty]]) -> =F84
A184: 2026 | B184: =B85+1 -> 2 | C184: PT On | D184: Performance | E184: =E85 -> BT GT | F184: 13 | H184: =_xlfn.FORMULATEXT(표1[[#This Row],[Q''ty]]) -> #N/A
A185: 2026 | B185: =B86+1 -> 2 | C185: PT On | D185: Performance | E185: =E86 -> WT GT | F185: 13 | H185: =_xlfn.FORMULATEXT(표1[[#This Row],[Q''ty]]) -> #N/A
A186: 2026 | B186: =B87+1 -> 2 | C186: PT On | D186: Performance | E186: =E87 -> Bending | F186: 123 | H186: =_xlfn.FORMULATEXT(표1[[#This Row],[Q''ty]]) -> #N/A
...

Sheet GitHub_Export
A1: Year | B1: Week | C1: Month | D1: YearMonth | E1: Month_Sort | F1: Factory | G1: Type | H1: Category | I1: Q'ty
A2: =IF('Raw(1)'!A2="","",'Raw(1)'!A2) -> 2026 | B2: =IF('Raw(1)'!B2="","",'Raw(1)'!B2) -> 1 | C2: =IF(OR(A2="",B2=""),"",TEXT(DATE(A2,1,1)+(B2-1)*7,"mmm")) -> Jan | D2: =IF(OR(A2="",B2=""),"",TEXT(DATE(A2,1,1)+(B2-1)*7,"yyyy-mmm")) -> 2026-Jan | E2: =IF(OR(A2="",B2=""),"",YEAR(DATE(A2,1,1)+(B2-1)*7)*100+MONTH(DATE(A2,1,1)+(B2-1)*7)) -> 202601 | F2: =IF('Raw(1)'!C2="","",'Raw(1)'!C2) -> VN #1 | G2: =IF('Raw(1)'!D2="","",'Raw(1)'!D2) -> Machine | H2: =IF('Raw(1)'!E2="","",'Raw(1)'!E2) -> Growing Line | I2: =IF('Raw(1)'!F2="","",'Raw(1)'!F2) -> 15
A3: =IF('Raw(1)'!A3="","",'Raw(1)'!A3) -> 2026 | B3: =IF('Raw(1)'!B3="","",'Raw(1)'!B3) -> 1 | C3: =IF(OR(A3="",B3=""),"",TEXT(DATE(A3,1,1)+(B3-1)*7,"mmm")) -> Jan | D3: =IF(OR(A3="",B3=""),"",TEXT(DATE(A3,1,1)+(B3-1)*7,"yyyy-mmm")) -> 2026-Jan | E3: =IF(OR(A3="",B3=""),"",YEAR(DATE(A3,1,1)+(B3-1)*7)*100+MONTH(DATE(A3,1,1)+(B3-1)*7)) -> 202601 | F3: =IF('Raw(1)'!C3="","",'Raw(1)'!C3) -> VN #1 | G3: =IF('Raw(1)'!D3="","",'Raw(1)'!D3) -> Machine | H3: =IF('Raw(1)'!E3="","",'Raw(1)'!E3) -> Paint Booth | I3: =IF('Raw(1)'!F3="","",'Raw(1)'!F3) -> 10
A4: =IF('Raw(1)'!A4="","",'Raw(1)'!A4) -> 2026 | B4: =IF('Raw(1)'!B4="","",'Raw(1)'!B4) -> 1 | C4: =IF(OR(A4="",B4=""),"",TEXT(DATE(A4,1,1)+(B4-1)*7,"mmm")) -> Jan | D4: =IF(OR(A4="",B4=""),"",TEXT(DATE(A4,1,1)+(B4-1)*7,"yyyy-mmm")) -> 2026-Jan | E4: =IF(OR(A4="",B4=""),"",YEAR(DATE(A4,1,1)+(B4-1)*7)*100+MONTH(DATE(A4,1,1)+(B4-1)*7)) -> 202601 | F4: =IF('Raw(1)'!C4="","",'Raw(1)'!C4) -> VN #1 | G4: =IF('Raw(1)'!D4="","",'Raw(1)'!D4) -> Machine | H4: =IF('Raw(1)'!E4="","",'Raw(1)'!E4) -> Paint Line | I4: =IF('Raw(1)'!F4="","",'Raw(1)'!F4) -> 5
A5: =IF('Raw(1)'!A5="","",'Raw(1)'!A5) -> 2026 | B5: =IF('Raw(1)'!B5="","",'Raw(1)'!B5) -> 1 | C5: =IF(OR(A5="",B5=""),"",TEXT(DATE(A5,1,1)+(B5-1)*7,"mmm")) -> Jan | D5: =IF(OR(A5="",B5=""),"",TEXT(DATE(A5,1,1)+(B5-1)*7,"yyyy-mmm")) -> 2026-Jan | E5: =IF(OR(A5="",B5=""),"",YEAR(DATE(A5,1,1)+(B5-1)*7)*100+MONTH(DATE(A5,1,1)+(B5-1)*7)) -> 202601 | F5: =IF('Raw(1)'!C5="","",'Raw(1)'!C5) -> VN #1 | G5: =IF('Raw(1)'!D5="","",'Raw(1)'!D5) -> Machine | H5: =IF('Raw(1)'!E5="","",'Raw(1)'!E5) -> Roll Bending Machine | I5: =IF('Raw(1)'!F5="","",'Raw(1)'!F5) -> 6
A6: =IF('Raw(1)'!A6="","",'Raw(1)'!A6) -> 2026 | B6: =IF('Raw(1)'!B6="","",'Raw(1)'!B6) -> 1 | C6: =IF(OR(A6="",B6=""),"",TEXT(DATE(A6,1,1)+(B6-1)*7,"mmm")) -> Jan | D6: =IF(OR(A6="",B6=""),"",TEXT(DATE(A6,1,1)+(B6-1)*7,"yyyy-mmm")) -> 2026-Jan | E6: =IF(OR(A6="",B6=""),"",YEAR(DATE(A6,1,1)+(B6-1)*7)*100+MONTH(DATE(A6,1,1)+(B6-1)*7)) -> 202601 | F6: =IF('Raw(1)'!C6="","",'Raw(1)'!C6) -> VN #1 | G6: =IF('Raw(1)'!D6="","",'Raw(1)'!D6) -> Machine | H6: =IF('Raw(1)'!E6="","",'Raw(1)'!E6) -> L/W Machine | I6: =IF('Raw(1)'!F6="","",'Raw(1)'!F6) -> 10
A7: =IF('Raw(1)'!A7="","",'Raw(1)'!A7) -> 2026 | B7: =IF('Raw(1)'!B7="","",'Raw(1)'!B7) -> 1 | C7: =IF(OR(A7="",B7=""),"",TEXT(DATE(A7,1,1)+(B7-1)*7,"mmm")) -> Jan | D7: =IF(OR(A7="",B7=""),"",TEXT(DATE(A7,1,1)+(B7-1)*7,"yyyy-mmm")) -> 2026-Jan | E7: =IF(OR(A7="",B7=""),"",YEAR(DATE(A7,1,1)+(B7-1)*7)*100+MONTH(DATE(A7,1,1)+(B7-1)*7)) -> 202601 | F7: =IF('Raw(1)'!C7="","",'Raw(1)'!C7) -> VN #1 | G7: =IF('Raw(1)'!D7="","",'Raw(1)'!D7) -> Machine | H7: =IF('Raw(1)'!E7="","",'Raw(1)'!E7) -> C/W Machine | I7: =IF('Raw(1)'!F7="","",'Raw(1)'!F7) -> 10
A8: =IF('Raw(1)'!A8="","",'Raw(1)'!A8) -> 2026 | B8: =IF('Raw(1)'!B8="","",'Raw(1)'!B8) -> 1 | C8: =IF(OR(A8="",B8=""),"",TEXT(DATE(A8,1,1)+(B8-1)*7,"mmm")) -> Jan | D8: =IF(OR(A8="",B8=""),"",TEXT(DATE(A8,1,1)+(B8-1)*7,"yyyy-mmm")) -> 2026-Jan | E8: =IF(OR(A8="",B8=""),"",YEAR(DATE(A8,1,1)+(B8-1)*7)*100+MONTH(DATE(A8,1,1)+(B8-1)*7)) -> 202601 | F8: =IF('Raw(1)'!C8="","",'Raw(1)'!C8) -> VN #1 | G8: =IF('Raw(1)'!D8="","",'Raw(1)'!D8) -> Performance | H8: =IF('Raw(1)'!E8="","",'Raw(1)'!E8) -> BT GT | I8: =IF('Raw(1)'!F8="","",'Raw(1)'!F8) -> 23
A9: =IF('Raw(1)'!A9="","",'Raw(1)'!A9) -> 2026 | B9: =IF('Raw(1)'!B9="","",'Raw(1)'!B9) -> 1 | C9: =IF(OR(A9="",B9=""),"",TEXT(DATE(A9,1,1)+(B9-1)*7,"mmm")) -> Jan | D9: =IF(OR(A9="",B9=""),"",TEXT(DATE(A9,1,1)+(B9-1)*7,"yyyy-mmm")) -> 2026-Jan | E9: =IF(OR(A9="",B9=""),"",YEAR(DATE(A9,1,1)+(B9-1)*7)*100+MONTH(DATE(A9,1,1)+(B9-1)*7)) -> 202601 | F9: =IF('Raw(1)'!C9="","",'Raw(1)'!C9) -> VN #1 | G9: =IF('Raw(1)'!D9="","",'Raw(1)'!D9) -> Performance | H9: =IF('Raw(1)'!E9="","",'Raw(1)'!E9) -> WT GT | I9: =IF('Raw(1)'!F9="","",'Raw(1)'!F9) -> 19
A10: =IF('Raw(1)'!A10="","",'Raw(1)'!A10) -> 2026 | B10: =IF('Raw(1)'!B10="","",'Raw(1)'!B10) -> 1 | C10: =IF(OR(A10="",B10=""),"",TEXT(DATE(A10,1,1)+(B10-1)*7,"mmm")) -> Jan | D10: =IF(OR(A10="",B10=""),"",TEXT(DATE(A10,1,1)+(B10-1)*7,"yyyy-mmm")) -> 2026-Jan | E10: =IF(OR(A10="",B10=""),"",YEAR(DATE(A10,1,1)+(B10-1)*7)*100+MONTH(DATE(A10,1,1)+(B10-1)*7)) -> 202601 | F10: =IF('Raw(1)'!C10="","",'Raw(1)'!C10) -> VN #1 | G10: =IF('Raw(1)'!D10="","",'Raw(1)'!D10) -> Performance | H10: =IF('Raw(1)'!E10="","",'Raw(1)'!E10) -> Bending | I10: =IF('Raw(1)'!F10="","",'Raw(1)'!F10) -> 217
A11: =IF('Raw(1)'!A11="","",'Raw(1)'!A11) -> 2026 | B11: =IF('Raw(1)'!B11="","",'Raw(1)'!B11) -> 1 | C11: =IF(OR(A11="",B11=""),"",TEXT(DATE(A11,1,1)+(B11-1)*7,"mmm")) -> Jan | D11: =IF(OR(A11="",B11=""),"",TEXT(DATE(A11,1,1)+(B11-1)*7,"yyyy-mmm")) -> 2026-Jan | E11: =IF(OR(A11="",B11=""),"",YEAR(DATE(A11,1,1)+(B11-1)*7)*100+MONTH(DATE(A11,1,1)+(B11-1)*7)) -> 202601 | F11: =IF('Raw(1)'!C11="","",'Raw(1)'!C11) -> VN #1 | G11: =IF('Raw(1)'!D11="","",'Raw(1)'!D11) -> Performance | H11: =IF('Raw(1)'!E11="","",'Raw(1)'!E11) -> L/W | I11: =IF('Raw(1)'!F11="","",'Raw(1)'!F11) -> 217.2
A12: =IF('Raw(1)'!A12="","",'Raw(1)'!A12) -> 2026 | B12: =IF('Raw(1)'!B12="","",'Raw(1)'!B12) -> 1 | C12: =IF(OR(A12="",B12=""),"",TEXT(DATE(A12,1,1)+(B12-1)*7,"mmm")) -> Jan | D12: =IF(OR(A12="",B12=""),"",TEXT(DATE(A12,1,1)+(B12-1)*7,"yyyy-mmm")) -> 2026-Jan | E12: =IF(OR(A12="",B12=""),"",YEAR(DATE(A12,1,1)+(B12-1)*7)*100+MONTH(DATE(A12,1,1)+(B12-1)*7)) -> 202601 | F12: =IF('Raw(1)'!C12="","",'Raw(1)'!C12) -> VN #1 | G12: =IF('Raw(1)'!D12="","",'Raw(1)'!D12) -> Performance | H12: =IF('Raw(1)'!E12="","",'Raw(1)'!E12) -> C/W | I12: =IF('Raw(1)'!F12="","",'Raw(1)'!F12) -> 244.1
A13: =IF('Raw(1)'!A13="","",'Raw(1)'!A13) -> 2026 | B13: =IF('Raw(1)'!B13="","",'Raw(1)'!B13) -> 1 | C13: =IF(OR(A13="",B13=""),"",TEXT(DATE(A13,1,1)+(B13-1)*7,"mmm")) -> Jan | D13: =IF(OR(A13="",B13=""),"",TEXT(DATE(A13,1,1)+(B13-1)*7,"yyyy-mmm")) -> 2026-Jan | E13: =IF(OR(A13="",B13=""),"",YEAR(DATE(A13,1,1)+(B13-1)*7)*100+MONTH(DATE(A13,1,1)+(B13-1)*7)) -> 202601 | F13: =IF('Raw(1)'!C13="","",'Raw(1)'!C13) -> VN #2 | G13: =IF('Raw(1)'!D13="","",'Raw(1)'!D13) -> Machine | H13: =IF('Raw(1)'!E13="","",'Raw(1)'!E13) -> Growing Line | I13: =IF('Raw(1)'!F13="","",'Raw(1)'!F13) -> 14
... A5248: =IF('Raw(1)'!A5248="","",'Raw(1)'!A5248) -> 2026 | B5248: =IF('Raw(1)'!B5248="","",'Raw(1)'!B5248) -> 53 | C5248: =IF(OR(A5248="",B5248=""),"",TEXT(DATE(A5248,1,1)+(B5248-1)*7,"mmm")) -> Dec | D5248: =IF(OR(A5248="",B5248=""),"",TEXT(DATE(A5248,1,1)+(B5248-1)*7,"yyyy-mmm")) -> 2026-Dec | E5248: =IF(OR(A5248="",B5248=""),"",YEAR(DATE(A5248,1,1)+(B5248-1)*7)*100+MONTH(DATE(A5248,1,1)+(B5248-1)*7)) -> 202612 | F5248: =IF('Raw(1)'!C5248="","",'Raw(1)'!C5248) -> PT Off | G5248: =IF('Raw(1)'!D5248="","",'Raw(1)'!D5248) -> Performance | H5248: =IF('Raw(1)'!E5248="","",'Raw(1)'!E5248) -> C/W | I5248: =IF('Raw(1)'!F5248="","",'Raw(1)'!F5248)

Sheet README_GitHub
A1: GitHub Upload Guide
A3: 1) Raw(1) 시트는 원본으로 유지합니다.
A4: 2) GitHub_Export 시트는 Raw(1)을 링크 수식으로 참조합니다.
A5: 3) GitHub 업로드 전 Excel에서 Ctrl+Alt+Shift+F9 → 저장 후 업로드하세요.
A6: 4) GitHub의 scripts/convert_excel.py는 GitHub_Export 시트를 우선 읽도록 교체하세요.
